source,count_type,count,count_subtype
papers_with_code,source_records,573165,
papers_with_code,expanded_observations,573165,
papers_with_code,labelled_records,452486,
papers_with_code,github_backed_observations,167690,
papers_with_code,retained_master_records,146034,
papers_with_code,level1_records,42692,
papers_with_code,level2_records,141442,
papers_with_code,unique_normalized_repositories_observed,150017,
papers_with_code,unique_dois_observed,2269,
papers_with_code,unique_normalized_names_observed,139571,
papers_with_code,source_records_by_repository_count,405475,0
papers_with_code,source_records_by_repository_count,142583,1
papers_with_code,source_records_by_repository_count,15996,2
papers_with_code,source_records_by_repository_count,4053,3
papers_with_code,source_records_by_repository_count,1742,4
papers_with_code,source_records_by_repository_count,866,5
papers_with_code,source_records_by_repository_count,519,6
papers_with_code,source_records_by_repository_count,351,7
papers_with_code,source_records_by_repository_count,248,8
papers_with_code,source_records_by_repository_count,200,9
papers_with_code,source_records_by_repository_count,140,10
papers_with_code,source_records_by_repository_count,112,11
papers_with_code,source_records_by_repository_count,92,12
papers_with_code,source_records_by_repository_count,78,13
papers_with_code,source_records_by_repository_count,60,14
papers_with_code,source_records_by_repository_count,39,15
papers_with_code,source_records_by_repository_count,49,16
papers_with_code,source_records_by_repository_count,36,17
papers_with_code,source_records_by_repository_count,50,18
papers_with_code,source_records_by_repository_count,34,19
papers_with_code,source_records_by_repository_count,33,20
papers_with_code,source_records_by_repository_count,28,21
papers_with_code,source_records_by_repository_count,22,22
papers_with_code,source_records_by_repository_count,18,23
papers_with_code,source_records_by_repository_count,24,24
papers_with_code,source_records_by_repository_count,20,25
papers_with_code,source_records_by_repository_count,19,26
papers_with_code,source_records_by_repository_count,8,27
papers_with_code,source_records_by_repository_count,17,28
papers_with_code,source_records_by_repository_count,9,29
papers_with_code,source_records_by_repository_count,14,30
papers_with_code,source_records_by_repository_count,10,31
papers_with_code,source_records_by_repository_count,4,32
papers_with_code,source_records_by_repository_count,4,33
papers_with_code,source_records_by_repository_count,7,34
papers_with_code,source_records_by_repository_count,10,35
papers_with_code,source_records_by_repository_count,7,36
papers_with_code,source_records_by_repository_count,11,37
papers_with_code,source_records_by_repository_count,3,38
papers_with_code,source_records_by_repository_count,8,39
papers_with_code,source_records_by_repository_count,4,40
papers_with_code,source_records_by_repository_count,4,41
papers_with_code,source_records_by_repository_count,3,42
papers_with_code,source_records_by_repository_count,3,43
papers_with_code,source_records_by_repository_count,6,44
papers_with_code,source_records_by_repository_count,4,45
papers_with_code,source_records_by_repository_count,8,46
papers_with_code,source_records_by_repository_count,4,47
papers_with_code,source_records_by_repository_count,3,48
papers_with_code,source_records_by_repository_count,2,49
papers_with_code,source_records_by_repository_count,2,50
papers_with_code,source_records_by_repository_count,3,51
papers_with_code,source_records_by_repository_count,2,52
papers_with_code,source_records_by_repository_count,4,53
papers_with_code,source_records_by_repository_count,1,54
papers_with_code,source_records_by_repository_count,1,55
papers_with_code,source_records_by_repository_count,3,56
papers_with_code,source_records_by_repository_count,4,57
papers_with_code,source_records_by_repository_count,1,58
papers_with_code,source_records_by_repository_count,3,59
papers_with_code,source_records_by_repository_count,3,60
papers_with_code,source_records_by_repository_count,1,61
papers_with_code,source_records_by_repository_count,4,62
papers_with_code,source_records_by_repository_count,3,64
papers_with_code,source_records_by_repository_count,2,65
papers_with_code,source_records_by_repository_count,3,66
papers_with_code,source_records_by_repository_count,3,67
papers_with_code,source_records_by_repository_count,1,68
papers_with_code,source_records_by_repository_count,1,69
papers_with_code,source_records_by_repository_count,1,70
papers_with_code,source_records_by_repository_count,3,71
papers_with_code,source_records_by_repository_count,2,73
papers_with_code,source_records_by_repository_count,5,74
papers_with_code,source_records_by_repository_count,3,75
papers_with_code,source_records_by_repository_count,1,76
papers_with_code,source_records_by_repository_count,2,77
papers_with_code,source_records_by_repository_count,1,79
papers_with_code,source_records_by_repository_count,2,80
papers_with_code,source_records_by_repository_count,1,81
papers_with_code,source_records_by_repository_count,2,82
papers_with_code,source_records_by_repository_count,1,83
papers_with_code,source_records_by_repository_count,1,84
papers_with_code,source_records_by_repository_count,3,85
papers_with_code,source_records_by_repository_count,3,86
papers_with_code,source_records_by_repository_count,2,87
papers_with_code,source_records_by_repository_count,1,91
papers_with_code,source_records_by_repository_count,1,92
papers_with_code,source_records_by_repository_count,1,96
papers_with_code,source_records_by_repository_count,1,97
papers_with_code,source_records_by_repository_count,1,100
papers_with_code,source_records_by_repository_count,1,108
papers_with_code,source_records_by_repository_count,1,110
papers_with_code,source_records_by_repository_count,1,111
papers_with_code,source_records_by_repository_count,1,112
papers_with_code,source_records_by_repository_count,1,113
papers_with_code,source_records_by_repository_count,1,114
papers_with_code,source_records_by_repository_count,1,117
papers_with_code,source_records_by_repository_count,1,120
papers_with_code,source_records_by_repository_count,1,122
papers_with_code,source_records_by_repository_count,1,124
papers_with_code,source_records_by_repository_count,2,126
papers_with_code,source_records_by_repository_count,1,140
papers_with_code,source_records_by_repository_count,3,142
papers_with_code,source_records_by_repository_count,1,143
papers_with_code,source_records_by_repository_count,1,144
papers_with_code,source_records_by_repository_count,1,151
papers_with_code,source_records_by_repository_count,2,156
papers_with_code,source_records_by_repository_count,2,161
papers_with_code,source_records_by_repository_count,1,179
papers_with_code,source_records_by_repository_count,1,182
papers_with_code,source_records_by_repository_count,1,187
papers_with_code,source_records_by_repository_count,2,190
papers_with_code,source_records_by_repository_count,1,192
papers_with_code,source_records_by_repository_count,1,194
papers_with_code,source_records_by_repository_count,1,219
papers_with_code,source_records_by_repository_count,1,223
papers_with_code,source_records_by_repository_count,1,229
papers_with_code,source_records_by_repository_count,1,230
papers_with_code,source_records_by_repository_count,1,257
papers_with_code,source_records_by_repository_count,1,284
papers_with_code,source_records_by_repository_count,1,299
papers_with_code,source_records_by_repository_count,1,310
papers_with_code,source_records_by_repository_count,1,471
papers_with_code,source_records_by_repository_count,1,484
papers_with_code,source_records_by_repository_count,1,533
papers_with_code,source_records_by_repository_count,1,593
papers_with_code,source_records_by_publication_expansion_count,573165,1
bio.tools,source_records,33084,
bio.tools,expanded_observations,36417,
bio.tools,labelled_records,36417,
bio.tools,github_backed_observations,15294,
bio.tools,retained_master_records,15294,
bio.tools,level1_records,14935,
bio.tools,level2_records,15294,
bio.tools,unique_normalized_repositories_observed,14256,
bio.tools,unique_dois_observed,30224,
bio.tools,unique_normalized_names_observed,32329,
bio.tools,source_records_by_repository_count,21123,0
bio.tools,source_records_by_repository_count,14262,1
bio.tools,source_records_by_repository_count,904,2
bio.tools,source_records_by_repository_count,105,3
bio.tools,source_records_by_repository_count,13,4
bio.tools,source_records_by_repository_count,7,5
bio.tools,source_records_by_repository_count,1,10
bio.tools,source_records_by_repository_count,2,12
bio.tools,source_records_by_publication_expansion_count,31043,1
bio.tools,source_records_by_publication_expansion_count,1240,2
bio.tools,source_records_by_publication_expansion_count,585,3
bio.tools,source_records_by_publication_expansion_count,120,4
bio.tools,source_records_by_publication_expansion_count,35,5
bio.tools,source_records_by_publication_expansion_count,23,6
bio.tools,source_records_by_publication_expansion_count,15,7
bio.tools,source_records_by_publication_expansion_count,4,8
bio.tools,source_records_by_publication_expansion_count,7,9
bio.tools,source_records_by_publication_expansion_count,4,10
bio.tools,source_records_by_publication_expansion_count,3,12
bio.tools,source_records_by_publication_expansion_count,1,13
bio.tools,source_records_by_publication_expansion_count,3,14
bio.tools,source_records_by_publication_expansion_count,1,15
